<Customization level="" description="" product-version="22.104">
    <File AppRelativePath="Bin\IntegrationSetup.dll" />
    <File AppRelativePath="Pages\IN\IN106000.aspx" />
    <File AppRelativePath="Pages\IN\IN106000.aspx.cs" />
    <SiteMapNode>
        <data-set>
            <relations format-version="3" relations-version="20190730" main-table="SiteMap">
                <link from="MUIScreen (NodeID)" to="SiteMap (NodeID)" />
                <link from="MUIWorkspace (WorkspaceID)" to="MUIScreen (WorkspaceID)" type="FromMaster" linkname="workspaceToScreen" split-location="yes" updateable="True" />
                <link from="MUISubcategory (SubcategoryID)" to="MUIScreen (SubcategoryID)" type="FromMaster" updateable="True" />
                <link from="MUITile (ScreenID)" to="SiteMap (ScreenID)" />
                <link from="MUIWorkspace (WorkspaceID)" to="MUITile (WorkspaceID)" type="FromMaster" linkname="workspaceToTile" split-location="yes" updateable="True" />
                <link from="MUIArea (AreaID)" to="MUIWorkspace (AreaID)" type="FromMaster" updateable="True" />
                <link from="MUIPinnedScreen (NodeID, WorkspaceID)" to="MUIScreen (NodeID, WorkspaceID)" type="WeakIfEmpty" isEmpty="Username" />
                <link from="MUIFavoriteWorkspace (WorkspaceID)" to="MUIWorkspace (WorkspaceID)" type="WeakIfEmpty" isEmpty="Username" />
            </relations>
            <layout>
                <table name="SiteMap">
                    <table name="MUIScreen" uplink="(NodeID) = (NodeID)">
                        <table name="MUIPinnedScreen" uplink="(NodeID, WorkspaceID) = (NodeID, WorkspaceID)" />
                    </table>
                    <table name="MUITile" uplink="(ScreenID) = (ScreenID)" />
                </table>
                <table name="MUIWorkspace">
                    <table name="MUIFavoriteWorkspace" uplink="(WorkspaceID) = (WorkspaceID)" />
                </table>
                <table name="MUISubcategory" />
                <table name="MUIArea" />
            </layout>
            <data>
                <SiteMap>
                    <row Title="Integration Setup" Url="~/Pages/IN/IN106000.aspx" ScreenID="IN106000" NodeID="77332e24-8409-4aad-ad51-f142dbd3059d" ParentID="00000000-0000-0000-0000-000000000000">
                        <MUIScreen IsPortal="0" WorkspaceID="32daa144-76b5-4703-8483-1d6de6a0691c" Order="40" SubcategoryID="6d40b0b6-18f4-4139-adac-8ec8cb2a17ea" />
                    </row>
                </SiteMap>
                <MUIWorkspace>
                    <row IsPortal="0" WorkspaceID="32daa144-76b5-4703-8483-1d6de6a0691c" Order="62.5" Title="Estimating" Icon="mode_edit" AreaID="62cfd5dc-8eb9-4e92-bbcd-e0a99eb5e5df" IsSystem="0" />
                </MUIWorkspace>
                <MUISubcategory>
                    <row IsPortal="0" SubcategoryID="6d40b0b6-18f4-4139-adac-8ec8cb2a17ea" Order="128" Name="Profiles" Icon="" IsSystem="0" />
                </MUISubcategory>
                <MUIArea>
                    <row IsPortal="0" AreaID="62cfd5dc-8eb9-4e92-bbcd-e0a99eb5e5df" Order="20" Name="Operations" />
                </MUIArea>
            </data>
        </data-set>
    </SiteMapNode>
    <Sql TableName="IntegrationSetup" TableSchemaXml="#CDATA">
        <CDATA name="TableSchemaXml"><![CDATA[<table name="IntegrationSetup">
  <col name="IntegrationID" type="VarChar(250)" nullable="true" />
  <col name="OrderType" type="VarChar(250)" nullable="true" />
</table>]]></CDATA>
    </Sql>
</Customization>